Артикул,Ссылка,Цена
GA-700SKE-7AER,https://shop.casio.ru/catalog/g-shock-youth/ga-700ske-7aer/,20 910
GA-2100SKE-7AER,https://shop.casio.ru/catalog/g-shock-youth/ga-2100ske-7aer/,20 126
DW-5600SKE-7ER,https://shop.casio.ru/catalog/g-shock/dw-5600ske-7er/,20 126
GA-110SKE-8AER,https://shop.casio.ru/catalog/g-shock-youth/ga-110ske-8aer/,20 910
GA-900SKE-8AER,https://shop.casio.ru/catalog/g-shock-youth/ga-900ske-8aer/,13 064
GA-2000SKE-8AER,https://shop.casio.ru/catalog/g-shock-youth/ga-2000ske-8aer/,20 910
GA-2100-1A1ER,https://shop.casio.ru/catalog/g-shock-youth/ga_2100_1a1er/,16 987
GA-2100-1AER,https://shop.casio.ru/catalog/g-shock-youth/ga_2100_1aer/,16 987
GA-2100-4AER,https://shop.casio.ru/catalog/g-shock-youth/ga_2100_4aer/,16 987
GMW-B5000D-1ER,https://shop.casio.ru/catalog/g-shock-premium/gmw_b5000d_1er/,84 987
DW-5600BBMB-1ER,https://shop.casio.ru/catalog/g-shock/dw_5600bbmb_1er/,10 449
DW-5600E-1VER,https://shop.casio.ru/catalog/g-shock/dw_5600e_1ver/,13 064
DW-5610DN-9ER,https://shop.casio.ru/catalog/g-shock/dw-5610dn-9/,19 995
AWM-500GC-1AJR,https://shop.casio.ru/catalog/g-shock/awm_500gc_1ajr/,214 183
DW-5600BB-1ER,https://shop.casio.ru/catalog/g-shock/dw_5600bb_1er/,16 987
DW-5600CA-2ER,https://shop.casio.ru/catalog/g-shock/dw-5600ca-2er/,18 295
DW-5600CA-8ER,https://shop.casio.ru/catalog/g-shock/dw-5600ca-8er/,18 295
DW-5600DAILY21-1ER,https://shop.casio.ru/catalog/g-shock/dw-5600daily21-1er/,24 038
DW-5600GC-7ER,https://shop.casio.ru/catalog/g-shock-youth/dw_5600gc_7er/,20 910
DW-5610SUS-5ER,https://shop.casio.ru/catalog/g-shock/dw_5610sus_5er/,19 995
DW-6900LS-1ER,https://shop.casio.ru/catalog/g-shock-youth/dw-6900ls-1/,15 418
DW-6900LS-2ER,https://shop.casio.ru/catalog/g-shock-youth/dw-6900ls-2/,15 418
DWE-5600CC-3ER,https://shop.casio.ru/catalog/g-shock/dwe_5600cc_3er/,36 341
DWE-5600R-9ER,https://shop.casio.ru/catalog/g-shock/dwe_5600r_9er/,36 603
GA-100-1A1ER,https://shop.casio.ru/catalog/g-shock-youth/ga_100_1a1er/,18 295
GA-100-1A2ER,https://shop.casio.ru/catalog/g-shock-youth/ga_100_1a2er/,18 295
GA-100B-4AER,https://shop.casio.ru/catalog/g-shock-youth/ga_100b_4aer/,18 295
GA-100CF-1A9ER,https://shop.casio.ru/catalog/g-shock-youth/ga_100cf_1a9er/,22 218
GA-110-1AER,https://shop.casio.ru/catalog/g-shock-youth/ga_110_1aer/,20 910
GA-110-1BER,https://shop.casio.ru/catalog/g-shock-youth/ga_110_1ber/,20 910
GA-110GB-1AER,https://shop.casio.ru/catalog/g-shock-youth/ga_110gb_1aer/,23 526
GA-110LS-1AER,https://shop.casio.ru/catalog/g-shock-youth/ga_110ls_1aer/,22 933
GA-140-1A1ER,https://shop.casio.ru/catalog/g-shock-youth/ga_140_1a1er/,18 295
GA-140-6AER,https://shop.casio.ru/catalog/g-shock-youth/ga_140_6aer/,18 295
GA-140CT-1AER,https://shop.casio.ru/catalog/g-shock-youth/ga-140ct-1aer/,18 164
GA-2000-1A2ER,https://shop.casio.ru/catalog/g-shock-youth/ga_2000_1a2er/,22 218
GA-2000-1A9ER,https://shop.casio.ru/catalog/g-shock-youth/ga_2000_1a9er/,22 218
GA-2000S-1AER,https://shop.casio.ru/catalog/g-shock-youth/ga_2000s_1aer/,20 910
GA-2100CA-8AER,https://shop.casio.ru/catalog/g-shock-youth/ga-2100ca-8aer/,18 295
GA-2100FR-3AER,https://shop.casio.ru/catalog/g-shock-youth/ga_2100fr_3aer/,20 910
GA-2100FR-5AER,https://shop.casio.ru/catalog/g-shock-youth/ga_2100fr_5aer/,20 910
GA-2100SU-1AER,https://shop.casio.ru/catalog/g-shock-youth/ga_2100su_1aer/,20 126
GA-2100VB-1AER,https://shop.casio.ru/catalog/g-shock-youth/ga_2100vb_1aer/,13 849
GA-2110ET-2AER,https://shop.casio.ru/catalog/g-shock-youth/ga_2110et_2aer/,20 126
GA-2110ET-8AER,https://shop.casio.ru/catalog/g-shock-youth/ga_2110et_8aer/,20 126
GA-2110SU-3AER,https://shop.casio.ru/catalog/g-shock-youth/ga_2110su_3aer/,20 126
GA-2200-2AER,https://shop.casio.ru/catalog/g-shock/ga-2200-2aer/,20 387
GA-2200BB-1AER,https://shop.casio.ru/catalog/g-shock/ga-2200bb-1aer/,20 387
GA-2200GC-7AER,https://shop.casio.ru/catalog/g-shock/ga_2200gc_7aer/,25 487
GA-2200M-1AER,https://shop.casio.ru/catalog/g-shock/ga-2200m-1aer/,20 910
GA-2200M-4AER,https://shop.casio.ru/catalog/g-shock/ga-2200m-4aer/,20 910
GA-2200MFR-3AER,https://shop.casio.ru/catalog/g-shock/ga-2200mfr-3aer/,26 141
GA-2200MFR-5AER,https://shop.casio.ru/catalog/g-shock/ga-2200mfr-5aer/,26 141
GA-700CT-1AER,https://shop.casio.ru/catalog/g-shock-youth/ga-700ct-1aer/,18 164
GA-700VB-1AER,https://shop.casio.ru/catalog/g-shock-youth/ga_700vb_1aer/,20 126
GA-710GB-1AER,https://shop.casio.ru/catalog/g-shock-youth/ga_710gb_1aer/,25 487
GA-900-1AER,https://shop.casio.ru/catalog/g-shock-youth/ga_900_1aer/,20 910
GA-900-2AER,https://shop.casio.ru/catalog/g-shock-youth/ga_900_2aer/,20 910
GA-900-4AER,https://shop.casio.ru/catalog/g-shock-youth/ga_900_4aer/,13 064
GA-900AG-1AER,https://shop.casio.ru/catalog/g-shock-youth/ga-900ag-1aer/,24 572
GA-900C-1A4ER,https://shop.casio.ru/catalog/g-shock-youth/ga_900c_1a4er/,22 872
GA-900E-1A3ER,https://shop.casio.ru/catalog/g-shock-youth/ga_900e_1a3er/,13 064
GA-900GC-7AER,https://shop.casio.ru/catalog/g-shock-youth/ga_900gc_7aer/,25 487
GA-900TS-6AER,https://shop.casio.ru/catalog/g-shock-youth/ga-900ts-6aer/,25 487
GA-900VB-1AER,https://shop.casio.ru/catalog/g-shock-youth/ga_900vb_1aer/,24 572
GAE-2100GC-7AER,https://shop.casio.ru/catalog/g-shock-youth/gae_2100gc_7aer/,36 603
GAW-100B-1A2ER,https://shop.casio.ru/catalog/g-shock-youth/gaw_100b_1a2er/,24 833
GAW-100B-1AER,https://shop.casio.ru/catalog/g-shock-youth/gaw_100b_1aer/,24 833
GBA-800-1AER,https://shop.casio.ru/catalog/g-shock-connected/gba_800_1aer/,22 872
GBA-800-9AER,https://shop.casio.ru/catalog/g-shock-connected/gba_800_9aer/,22 872
GBD-800-1BER,https://shop.casio.ru/catalog/g-shock-connected/gbd_800_1ber/,18 295
GBD-800-8ER,https://shop.casio.ru/catalog/g-shock-connected/gbd_800_8er/,18 295
GBD-800UC-8ER,https://shop.casio.ru/catalog/g-shock-connected/gbd_800uc_8er/,18 295
GG-B100-1A3ER,https://shop.casio.ru/catalog/g-shock-connected/gg_b100_1a3er/,64 064
GG-B100-1AER,https://shop.casio.ru/catalog/g-shock-connected/gg_b100_1aer/,64 064
GM-110G-1A9ER,https://shop.casio.ru/catalog/g-shock-youth/gm_110g_1a9er/,39 872
GM-110NE-1AER,https://shop.casio.ru/catalog/g-shock-youth/gm_110ne_1aer/,61 098
GM-110SCM-1AER,https://shop.casio.ru/catalog/g-shock-youth/gm_110scm_1aer/,30 783
GM-110SG-9AER,https://shop.casio.ru/catalog/g-shock-youth/gm-110sg-9aer/,43 926
GM-2100-1AER,https://shop.casio.ru/catalog/g-shock/gm-2100-1aer/,33 987
GM-2100B-3AER,https://shop.casio.ru/catalog/g-shock/gm-2100b-3aer/,37 910
GM-2100B-4AER,https://shop.casio.ru/catalog/g-shock/gm-2100b-4aer/,37 910
GM-2100N-2AER,https://shop.casio.ru/catalog/g-shock-youth/gm-2100n-2aer/,37 910
GM-5600-1ER,https://shop.casio.ru/catalog/g-shock/gm_5600_1er/,32 156
GM-5600EY-1DR,https://shop.casio.ru/catalog/g-shock-youth/gm_5600ey_1dr/,62 883
GM-5600SCM-1ER,https://shop.casio.ru/catalog/g-shock/gm_5600scm_1er/,22 218
GM-5600SG-9ER,https://shop.casio.ru/catalog/g-shock/gm-5600sg-9er/,23 526
GM-6900-1ER,https://shop.casio.ru/catalog/g-shock/gm_6900_1er/,32 156
GM-6900B-4ER,https://shop.casio.ru/catalog/g-shock/gm_6900b_4er/,32 156
GM-6900G-9ER,https://shop.casio.ru/catalog/g-shock/gm_6900g_9er/,32 156
GM-6900SCM-1ER,https://shop.casio.ru/catalog/g-shock/gm_6900scm_1er/,20 910
GM-6900SG-9ER,https://shop.casio.ru/catalog/g-shock/gm-6900sg-9er/,32 156
GMD-B800-1ER,https://shop.casio.ru/catalog/g-shock-connected/gmd_b800_1er/,18 295
GMD-B800-4ER,https://shop.casio.ru/catalog/g-shock-connected/gmd_b800_4er/,18 295
GMW-B5000GD-4ER,https://shop.casio.ru/catalog/g-shock-premium/gmw_b5000gd_4er/,88 911
GMW-B5000GD-9ER,https://shop.casio.ru/catalog/g-shock-premium/gmw_b5000gd_9er/,88 911
GMW-B5000RD-4ER,https://shop.casio.ru/catalog/g-shock-premium/gmw-b5000rd-4er/,67 987
GST-B100-1AER,https://shop.casio.ru/catalog/g-shock-g-steel/gst_b100_1aer/,47 064
GST-B100D-1AER,https://shop.casio.ru/catalog/g-shock-g-steel/gst_b100d_1aer/,59 749
GST-B400-1AER,https://shop.casio.ru/catalog/g-shock-g-steel/gst_b400_1aer/,52 295
GST-B400D-1AER,https://shop.casio.ru/catalog/g-shock-g-steel/gst_b400d_1aer/,61 449
GST-W110-1AER,https://shop.casio.ru/catalog/g-shock-g-steel/gst_w110_1aer/,45 233
GW-5000U-1ER,https://shop.casio.ru/catalog/g-shock/gw_5000u_1er/,49 287
GW-9400-1ER,https://shop.casio.ru/catalog/g-shock-professional/gw_9400_1er/,50 072
GW-B5600-2ER,https://shop.casio.ru/catalog/g-shock-connected/gw_b5600_2er/,23 133
GW-B5600BC-1BER,https://shop.casio.ru/catalog/g-shock-connected/gw_b5600bc_1ber/,35 295
GW-B5600CT-1ER,https://shop.casio.ru/catalog/g-shock-connected/gw-b5600ct-1er/,20 779
GW-B5600GZ-1ER,https://shop.casio.ru/catalog/g-shock/gw-b5600gz-1er/,20 779
GW-M5610U-1BER,https://shop.casio.ru/catalog/g-shock/gw_m5610u_1ber/,23 526
GW-M5610U-1ER,https://shop.casio.ru/catalog/g-shock/gw_m5610u_1er/,23 526
GWG-1000-1A3ER,https://shop.casio.ru/catalog/g-shock-professional/gwg_1000_1a3er/,117 680
GWG-2000-1A1ER,https://shop.casio.ru/catalog/g-shock/gwg_2000_1a1er/,128 142
GWG-2000-1A3ER,https://shop.casio.ru/catalog/g-shock/gwg_2000_1a3er/,128 142
GWG-2000-1A5ER,https://shop.casio.ru/catalog/g-shock/gwg_2000_1a5er/,128 142
GWG-2000TLC-1AER,https://shop.casio.ru/catalog/g-shock/gwg-2000tlc-1aer/,130 757
GX-56BB-1ER,https://shop.casio.ru/catalog/g-shock/gx_56bb_1er/,23 002
GXW-56BB-1ER,https://shop.casio.ru/catalog/g-shock-youth/gxw_56bb_1er/,32 026
MRG-B1000D-1ADR,https://shop.casio.ru/catalog/g-shock-premium/mrg-b1000d-1adr/,399 483
MRG-B2000B-1ADR,https://shop.casio.ru/catalog/g-shock-premium/mrg-b2000b-1a/,396 083
MTG-B1000-1AER,https://shop.casio.ru/catalog/g-shock-premium/mtg-b1000-1aer/,138 603
MTG-B2000B-1A2ER,https://shop.casio.ru/catalog/g-shock-premium/mtg_b2000b_1a2er/,180 450
MTG-B2000BD-1A4ER,https://shop.casio.ru/catalog/g-shock-premium/mtg_b2000bd_1a4er/,180 450
MTG-B2000D-1AER,https://shop.casio.ru/catalog/g-shock-premium/mtg-b2000d-1aer/,180 450
